{
  "version": 1,
  "author": "GnanaBarathi SP",
  "editor": "wokwi",
  "parts": [
    { "type": "wokwi-arduino-uno", "id": "uno", "top": -2.33, "left": -23.8, "attrs": {} },
    {
      "type": "wokwi-pir-motion-sensor",
      "id": "pir1",
      "top": -113.07,
      "left": 186.75,
      "attrs": {}
    },
    {
      "type": "wokwi-hc-sr04",
      "id": "ultrasonic1",
      "top": -112.9,
      "left": 310.7,
      "attrs": { "distance": "98" }
    },
    {
      "type": "wokwi-led",
      "id": "led1",
      "top": -91.47,
      "left": 82.07,
      "attrs": { "color": "red" }
    },
    {
      "type": "wokwi-buzzer",
      "id": "bz1",
      "top": -108.4,
      "left": 11.68,
      "attrs": { "volume": "0.1" }
    }
  ],
  "connections": [
    [ "pir1:VCC", "uno:5", "red", [ "v0.14", "h-120.93" ] ],
    [ "pir1:GND", "uno:GND.1", "black", [ "v13.47", "h-153.06" ] ],
    [ "pir1:OUT", "uno:2", "green", [ "v7.47", "h-21.33" ] ],
    [
      "ultrasonic1:VCC",
      "uno:5",
      "red",
      [ "v-3.87", "h-88", "v-93.33", "h-145.33", "v30", "h26" ]
    ],
    [
      "ultrasonic1:GND",
      "uno:GND.1",
      "black",
      [ "v10.8", "h-126", "v-111.33", "h-140", "v100.67", "h-53.33" ]
    ],
    [ "ultrasonic1:TRIG", "uno:3", "green", [ "v3.47", "h-196.67" ] ],
    [ "ultrasonic1:ECHO", "uno:4", "green", [ "v-11.87", "h-209.33" ] ],
    [ "led1:A", "uno:7", "green", [ "v3.87", "h55.6" ] ],
    [ "led1:C", "uno:GND.1", "green", [ "v20.54", "h-5.74" ] ],
    [ "bz1:1", "uno:GND.1", "green", [ "v12.13", "h3.32" ] ],
    [ "bz1:2", "uno:8", "green", [ "v7.47", "h101.32" ] ]
  ],
  "dependencies": {}
}